<?xml version="1.0" encoding="UTF-8"?>
<window>
	<views>50</views>
	<zorder>0</zorder>
	<coordinates>
		<left>0</left>
		<top>0</top>
	</coordinates>
	<defaultcontrol always="true">52401</defaultcontrol>

	<controls>
		<control type="group" id="50000">
			<visible>Integer.IsEqual(Window.Property(GaiaInitialized),1)</visible>
			<animation effect="fade" easing="inout" tween="cubic" start="0" end="100" time="500" reversible="false">VisibleChange</animation>

			<!-- OVERLAY -->
			<!--<control type="image" id="50001">
				<top>0</top>
				<left>0</left>
				<width>100%</width>
				<height>100%</height>
				<colordiffuse>E0000000</colordiffuse>
				<texture>special://home/addons/script.gaia.resources/resources/media/interface/pixel.png</texture>
			</control>-->

			<!-- BOX -->
			<control type="group" id="50010">

				<!-- BOX - BORDER -->
				<control type="image" id="50011">
					<top>0</top>
					<left>0</left>
					<width>100%</width>
					<height>100%</height>
					<texture>special://home/addons/script.gaia.resources/resources/media/interface/dialoghorizontalouter.png</texture>
				</control>

				<!-- BOX - BACKGROUND -->
				<control type="image" id="50012">
					<top>0</top>
					<left>0</left>
					<width>100%</width>
					<height>100%</height>
					<texture diffuse="special://home/addons/script.gaia.resources/resources/media/interface/dialoghorizontalinner.png">$INFO[Window.Property(GaiaBackground)]</texture>
				</control>

				<!-- BOX - OVERLAY -->
				<control type="image" id="50013">
					<top>0</top>
					<left>0</left>
					<width>100%</width>
					<height>100%</height>
					<colordiffuse>DD101010</colordiffuse>
					<texture diffuse="special://home/addons/script.gaia.resources/resources/media/interface/dialoghorizontalinner.png">special://home/addons/script.gaia.resources/resources/media/interface/pixel.png</texture>
				</control>

				<!-- BOX -SEPARATOR -->
				<control type="image" id="50014">
					<top>268</top>
					<left>237</left>
					<width>806</width>
					<height>4</height>
					<texture>special://home/addons/script.gaia.resources/resources/media/interface/separator.png</texture>
				</control>

				<!-- BOX - LOGO -->
				<control type="image" id="50015">
					<top>206</top>
					<left>260</left>
					<width>64</width>
					<height>64</height>
					<texture>$INFO[Window.Property(GaiaLogo)]</texture>
				</control>

				<!-- BOX - BUTTONS -->
				<control type="group" id="50100">
					<control type="button" id="50101">
	      				<description>Close the dialog</description>
						<left>970</left>
						<top>208</top>
						<width>64</width>
						<height>64</height>
						<texturenofocus>special://home/addons/script.gaia.resources/resources/media/icons/white/small/error.png</texturenofocus>
						<texturefocus colordiffuse="$INFO[Window.Property(GaiaColorButton)]">special://home/addons/script.gaia.resources/resources/media/icons/white/small/error.png</texturefocus>
						<animation effect="fade" easing="inout" tween="cubic" start="80" end="100" time="150" reversible="false">Focus</animation>
						<animation effect="fade" easing="inout" tween="cubic" start="80" end="100" time="150" reversible="false">Unfocus</animation>

						<onleft>50102</onleft>
						<onright>50102</onright>
						<onup>51100</onup>
						<ondown>51100</ondown>
					</control>
					<control type="button" id="50102">
						<visible>!String.IsEmpty(Window.Property(GaiaLink))</visible>
	      				<description>Show the QR code</description>
						<left>916</left>
						<top>208</top>
						<width>64</width>
						<height>64</height>
						<texturenofocus>special://home/addons/script.gaia.resources/resources/media/icons/white/small/qr.png</texturenofocus>
						<texturefocus colordiffuse="$INFO[Window.Property(GaiaColorButton)]">special://home/addons/script.gaia.resources/resources/media/icons/white/small/qr.png</texturefocus>
						<animation effect="fade" easing="inout" tween="cubic" start="80" end="100" time="150" reversible="false">Focus</animation>
						<animation effect="fade" easing="inout" tween="cubic" start="80" end="100" time="150" reversible="false">Unfocus</animation>

						<onleft>50101</onleft>
						<onright>50101</onright>
						<onup>51100</onup>
						<ondown>51100</ondown>
					</control>
				</control>

			</control>

			<!-- CONTENT -->
			<control type="group" id="51000">

				<!-- CONTENT - POSTER -->
				<control type="image" id="51001">
					<top>285</top>
					<left>260</left>
					<width>140</width>
					<height>210</height>
					<texture diffuse="special://home/addons/script.gaia.resources/resources/media/interface/posterrounded.png">$INFO[Window.Property(GaiaPoster)]</texture>
				</control>

				<!-- CONTENT - TITLE -->
				<control type="label" id="51011">
					<top>295</top>
					<left>416</left>
					<width>600</width>
					<height>32</height>
					<font>[GAIAFONTHUGE]</font>
					<scroll>true</scroll>
					<scrollspeed>50</scrollspeed>
					<scrollsuffix>   -   </scrollsuffix>
					<aligny>center</aligny>
					<textcolor>FFFFFFFF</textcolor>
					<label>[B]$INFO[Window.Property(GaiaLabel)][/B]</label>
					<zorder>1</zorder>
				</control>
				<control type="label" id="51012">
					<top>295</top>
					<left>416</left>
					<width>600</width>
					<height>32</height>
					<font>[GAIAFONTHUGE]</font>
					<scroll>true</scroll>
					<scrollspeed>50</scrollspeed>
					<scrollsuffix>   -   </scrollsuffix>
					<aligny>center</aligny>
					<label>[B]$INFO[Window.Property(GaiaHighlight)][/B]</label>
					<zorder>2</zorder>
					<animation effect="fade" start="100" end="0" time="1000" pulse="true" tween="linear" condition="String.IsEqual(Window.Property(GaiaAnimation),true)">Conditional</animation>
					<visible>Integer.IsEqual(Window.Property(GaiaIndicator),1) + String.IsEqual(Window.Property(GaiaAnimation),true)</visible>
				</control>

				<!-- CONTENT - RATER -->
				<!-- NB: Grouplists cannot be retrieved in Python. Wrap it in a normal group. -->
				<control type="group" id="51100">
					<top>350</top>
					<left>416</left>
					<width>600</width>

					<control type="grouplist">
						<top>0</top>
						<left>0</left>
						<width>600</width>
						<align>left</align>
						<orientation>horizontal</orientation>
						<itemgap>[GAIAVALUEGAP]</itemgap>

						<!-- CONTENT - RATER - BUTTON 1 -->
						<control type="group" id="52000">
							<left>0</left>
							<control type="button" id="52001">
			      				<description>Rate As 1</description>
								<width>52</width>
								<height>52</height>

								<!-- Otherwise some skins add a button highlight (eg Aeon Nox). -->
								<texturenofocus></texturenofocus>
								<texturefocus></texturefocus>

								<onfocus>SetProperty(GaiaRatingValue,1)</onfocus>
								<onfocus>SetProperty(GaiaRatingLabel,Weak Sauce)</onfocus>

								<onfocus condition="Integer.IsEqual(Window.Property(GaiaInitialized),1) + !String.IsEqual(Window.Property(GaiaPreviousRating),1)">SetProperty(GaiaColorDefault,$INFO[Window.Property(GaiaColorPrimary)])</onfocus>
								<onfocus condition="Integer.IsEqual(Window.Property(GaiaInitialized),1) + String.IsEqual(Window.Property(GaiaPreviousRating),1)">SetProperty(GaiaColorDefault,$INFO[Window.Property(GaiaColorRated)])</onfocus>

								<onleft>noop</onleft>
								<onright>52101</onright>
								<onup>50100</onup>
								<ondown>50100</ondown>
							</control>
							<control type="image" id="52002">
								<width>52</width>
								<height>52</height>
								<texture>special://home/addons/script.gaia.resources/resources/media/interface/rating/$INFO[Window.Property(GaiaIcon)]/outer.png</texture>
							</control>
							<control type="image" id="52003">
								<width>52</width>
								<height>52</height>
								<texture colordiffuse="$INFO[Window.Property(GaiaColorSecondary)]">special://home/addons/script.gaia.resources/resources/media/interface/rating/$INFO[Window.Property(GaiaIcon)]/inner.png</texture>
								<animation effect="fade" easing="inout" tween="cubic" start="0" end="100" time="100" reversible="false">VisibleChange</animation>
								<visible>!Integer.IsGreaterOrEqual(Window.Property(GaiaRatingValue),1)</visible>
							</control>
							<control type="image" id="52004">
								<width>52</width>
								<height>52</height>
								<texture colordiffuse="$INFO[Window.Property(GaiaColorDefault)]">special://home/addons/script.gaia.resources/resources/media/interface/rating/$INFO[Window.Property(GaiaIcon)]/inner.png</texture>
								<animation effect="fade" easing="inout" tween="cubic" start="0" end="100" time="100" reversible="false">VisibleChange</animation>
								<visible>Integer.IsGreaterOrEqual(Window.Property(GaiaRatingValue),1)</visible>
							</control>
						</control>

						<!-- CONTENT - RATER - BUTTON 2 -->
						<control type="group" id="52100">
							<control type="button" id="52101">
			      				<description>Rate As 2</description>
								<width>52</width>
								<height>52</height>

								<!-- Otherwise some skins add a button highlight (eg Aeon Nox). -->
								<texturenofocus></texturenofocus>
								<texturefocus></texturefocus>

								<onfocus>SetProperty(GaiaRatingValue,2)</onfocus>
								<onfocus>SetProperty(GaiaRatingLabel,Terrible)</onfocus>

								<onfocus condition="Integer.IsEqual(Window.Property(GaiaInitialized),1) + !Integer.IsEqual(Window.Property(GaiaPreviousRating),2)">SetProperty(GaiaColorDefault,$INFO[Window.Property(GaiaColorPrimary)])</onfocus>
								<onfocus condition="Integer.IsEqual(Window.Property(GaiaInitialized),1) + Integer.IsEqual(Window.Property(GaiaPreviousRating),2)">SetProperty(GaiaColorDefault,$INFO[Window.Property(GaiaColorRated)])</onfocus>

								<onleft>52001</onleft>
								<onright>52201</onright>
								<onup>50100</onup>
								<ondown>50100</ondown>
							</control>
							<control type="image" id="52102">
								<width>52</width>
								<height>52</height>
								<texture>special://home/addons/script.gaia.resources/resources/media/interface/rating/$INFO[Window.Property(GaiaIcon)]/outer.png</texture>
							</control>
							<control type="image" id="52103">
								<width>52</width>
								<height>52</height>
								<texture colordiffuse="$INFO[Window.Property(GaiaColorSecondary)]">special://home/addons/script.gaia.resources/resources/media/interface/rating/$INFO[Window.Property(GaiaIcon)]/inner.png</texture>
								<animation effect="fade" easing="inout" tween="cubic" start="0" end="100" time="100" reversible="false">VisibleChange</animation>
								<visible>!Integer.IsGreaterOrEqual(Window.Property(GaiaRatingValue),2)</visible>
							</control>
							<control type="image" id="52104">
								<width>52</width>
								<height>52</height>
								<texture colordiffuse="$INFO[Window.Property(GaiaColorDefault)]">special://home/addons/script.gaia.resources/resources/media/interface/rating/$INFO[Window.Property(GaiaIcon)]/inner.png</texture>
								<animation effect="fade" easing="inout" tween="cubic" start="0" end="100" time="100" reversible="false">VisibleChange</animation>
								<visible>Integer.IsGreaterOrEqual(Window.Property(GaiaRatingValue),2)</visible>
							</control>
						</control>

						<!-- CONTENT - RATER - BUTTON 3 -->
						<control type="group" id="52200">
							<control type="button" id="52201">
			      				<description>Rate As 3</description>
								<width>52</width>
								<height>52</height>

								<!-- Otherwise some skins add a button highlight (eg Aeon Nox). -->
								<texturenofocus></texturenofocus>
								<texturefocus></texturefocus>

								<onfocus>SetProperty(GaiaRatingValue,3)</onfocus>
								<onfocus>SetProperty(GaiaRatingLabel,Bad)</onfocus>

								<onfocus condition="Integer.IsEqual(Window.Property(GaiaInitialized),1) + !String.IsEqual(Window.Property(GaiaPreviousRating),3)">SetProperty(GaiaColorDefault,$INFO[Window.Property(GaiaColorPrimary)])</onfocus>
								<onfocus condition="Integer.IsEqual(Window.Property(GaiaInitialized),1) + String.IsEqual(Window.Property(GaiaPreviousRating),3)">SetProperty(GaiaColorDefault,$INFO[Window.Property(GaiaColorRated)])</onfocus>

								<onleft>52101</onleft>
								<onright>52301</onright>
								<onup>50100</onup>
								<ondown>50100</ondown>
							</control>
							<control type="image" id="52202">
								<width>52</width>
								<height>52</height>
								<texture>special://home/addons/script.gaia.resources/resources/media/interface/rating/$INFO[Window.Property(GaiaIcon)]/outer.png</texture>
							</control>
							<control type="image" id="52203">
								<width>52</width>
								<height>52</height>
								<texture colordiffuse="$INFO[Window.Property(GaiaColorSecondary)]">special://home/addons/script.gaia.resources/resources/media/interface/rating/$INFO[Window.Property(GaiaIcon)]/inner.png</texture>
								<animation effect="fade" easing="inout" tween="cubic" start="0" end="100" time="100" reversible="false">VisibleChange</animation>
								<visible>!Integer.IsGreaterOrEqual(Window.Property(GaiaRatingValue),3)</visible>
							</control>
							<control type="image" id="52204">
								<width>52</width>
								<height>52</height>
								<texture colordiffuse="$INFO[Window.Property(GaiaColorDefault)]">special://home/addons/script.gaia.resources/resources/media/interface/rating/$INFO[Window.Property(GaiaIcon)]/inner.png</texture>
								<animation effect="fade" easing="inout" tween="cubic" start="0" end="100" time="100" reversible="false">VisibleChange</animation>
								<visible>Integer.IsGreaterOrEqual(Window.Property(GaiaRatingValue),3)</visible>
							</control>
						</control>

						<!-- CONTENT - RATER - BUTTON 4 -->
						<control type="group" id="52300">
							<control type="button" id="52301">
			      				<description>Rate As 4</description>
								<width>52</width>
								<height>52</height>

								<!-- Otherwise some skins add a button highlight (eg Aeon Nox). -->
								<texturenofocus></texturenofocus>
								<texturefocus></texturefocus>

								<onfocus>SetProperty(GaiaRatingValue,4)</onfocus>
								<onfocus>SetProperty(GaiaRatingLabel,Poor)</onfocus>

								<onfocus condition="Integer.IsEqual(Window.Property(GaiaInitialized),1) + !String.IsEqual(Window.Property(GaiaPreviousRating),4)">SetProperty(GaiaColorDefault,$INFO[Window.Property(GaiaColorPrimary)])</onfocus>
								<onfocus condition="Integer.IsEqual(Window.Property(GaiaInitialized),1) + String.IsEqual(Window.Property(GaiaPreviousRating),4)">SetProperty(GaiaColorDefault,$INFO[Window.Property(GaiaColorRated)])</onfocus>

								<onleft>52201</onleft>
								<onright>52401</onright>
								<onup>50100</onup>
								<ondown>50100</ondown>
							</control>
							<control type="image" id="52302">
								<width>52</width>
								<height>52</height>
								<texture>special://home/addons/script.gaia.resources/resources/media/interface/rating/$INFO[Window.Property(GaiaIcon)]/outer.png</texture>
							</control>
							<control type="image" id="52303">
								<width>52</width>
								<height>52</height>
								<texture colordiffuse="$INFO[Window.Property(GaiaColorSecondary)]">special://home/addons/script.gaia.resources/resources/media/interface/rating/$INFO[Window.Property(GaiaIcon)]/inner.png</texture>
								<animation effect="fade" easing="inout" tween="cubic" start="0" end="100" time="100" reversible="false">VisibleChange</animation>
								<visible>!Integer.IsGreaterOrEqual(Window.Property(GaiaRatingValue),4)</visible>
							</control>
							<control type="image" id="52304">
								<width>52</width>
								<height>52</height>
								<texture colordiffuse="$INFO[Window.Property(GaiaColorDefault)]">special://home/addons/script.gaia.resources/resources/media/interface/rating/$INFO[Window.Property(GaiaIcon)]/inner.png</texture>
								<animation effect="fade" easing="inout" tween="cubic" start="0" end="100" time="100" reversible="false">VisibleChange</animation>
								<visible>Integer.IsGreaterOrEqual(Window.Property(GaiaRatingValue),4)</visible>
							</control>
						</control>

						<!-- CONTENT - RATER - BUTTON 5 -->
						<control type="group" id="52400">
							<control type="button" id="52401">
			      				<description>Rate As 5</description>
								<width>52</width>
								<height>52</height>

								<!-- Otherwise some skins add a button highlight (eg Aeon Nox). -->
								<texturenofocus></texturenofocus>
								<texturefocus></texturefocus>

								<onfocus>SetProperty(GaiaRatingValue,5)</onfocus>
								<onfocus>SetProperty(GaiaRatingLabel,Meh)</onfocus>

								<onfocus condition="Integer.IsEqual(Window.Property(GaiaInitialized),1) + !String.IsEqual(Window.Property(GaiaPreviousRating),5)">SetProperty(GaiaColorDefault,$INFO[Window.Property(GaiaColorPrimary)])</onfocus>
								<onfocus condition="Integer.IsEqual(Window.Property(GaiaInitialized),1) + String.IsEqual(Window.Property(GaiaPreviousRating),5)">SetProperty(GaiaColorDefault,$INFO[Window.Property(GaiaColorRated)])</onfocus>

								<onleft>52301</onleft>
								<onright>52501</onright>
								<onup>50100</onup>
								<ondown>50100</ondown>
							</control>
							<control type="image" id="52402">
								<width>52</width>
								<height>52</height>
								<texture>special://home/addons/script.gaia.resources/resources/media/interface/rating/$INFO[Window.Property(GaiaIcon)]/outer.png</texture>
							</control>
							<control type="image" id="52403">
								<width>52</width>
								<height>52</height>
								<texture colordiffuse="$INFO[Window.Property(GaiaColorSecondary)]">special://home/addons/script.gaia.resources/resources/media/interface/rating/$INFO[Window.Property(GaiaIcon)]/inner.png</texture>
								<animation effect="fade" easing="inout" tween="cubic" start="0" end="100" time="100" reversible="false">VisibleChange</animation>
								<visible>!Integer.IsGreaterOrEqual(Window.Property(GaiaRatingValue),5)</visible>
							</control>
							<control type="image" id="52404">
								<width>52</width>
								<height>52</height>
								<texture colordiffuse="$INFO[Window.Property(GaiaColorDefault)]">special://home/addons/script.gaia.resources/resources/media/interface/rating/$INFO[Window.Property(GaiaIcon)]/inner.png</texture>
								<animation effect="fade" easing="inout" tween="cubic" start="0" end="100" time="100" reversible="false">VisibleChange</animation>
								<visible>Integer.IsGreaterOrEqual(Window.Property(GaiaRatingValue),5)</visible>
							</control>
						</control>

						<!-- CONTENT - RATER - BUTTON 6 -->
						<control type="group" id="52500">
							<control type="button" id="52501">
			      				<description>Rate As 6</description>
								<width>52</width>
								<height>52</height>

								<!-- Otherwise some skins add a button highlight (eg Aeon Nox). -->
								<texturenofocus></texturenofocus>
								<texturefocus></texturefocus>

								<onfocus>SetProperty(GaiaRatingValue,6)</onfocus>
								<onfocus>SetProperty(GaiaRatingLabel,Fair)</onfocus>

								<onfocus condition="Integer.IsEqual(Window.Property(GaiaInitialized),1) + !String.IsEqual(Window.Property(GaiaPreviousRating),6)">SetProperty(GaiaColorDefault,$INFO[Window.Property(GaiaColorPrimary)])</onfocus>
								<onfocus condition="Integer.IsEqual(Window.Property(GaiaInitialized),1) + String.IsEqual(Window.Property(GaiaPreviousRating),6)">SetProperty(GaiaColorDefault,$INFO[Window.Property(GaiaColorRated)])</onfocus>

								<onleft>52401</onleft>
								<onright>52601</onright>
								<onup>50100</onup>
								<ondown>50100</ondown>
							</control>
							<control type="image" id="52502">
								<width>52</width>
								<height>52</height>
								<texture>special://home/addons/script.gaia.resources/resources/media/interface/rating/$INFO[Window.Property(GaiaIcon)]/outer.png</texture>
							</control>
							<control type="image" id="52503">
								<width>52</width>
								<height>52</height>
								<texture colordiffuse="$INFO[Window.Property(GaiaColorSecondary)]">special://home/addons/script.gaia.resources/resources/media/interface/rating/$INFO[Window.Property(GaiaIcon)]/inner.png</texture>
								<animation effect="fade" easing="inout" tween="cubic" start="0" end="100" time="100" reversible="false">VisibleChange</animation>
								<visible>!Integer.IsGreaterOrEqual(Window.Property(GaiaRatingValue),6)</visible>
							</control>
							<control type="image" id="52504">
								<width>52</width>
								<height>52</height>
								<texture colordiffuse="$INFO[Window.Property(GaiaColorDefault)]">special://home/addons/script.gaia.resources/resources/media/interface/rating/$INFO[Window.Property(GaiaIcon)]/inner.png</texture>
								<animation effect="fade" easing="inout" tween="cubic" start="0" end="100" time="100" reversible="false">VisibleChange</animation>
								<visible>Integer.IsGreaterOrEqual(Window.Property(GaiaRatingValue),6)</visible>
							</control>
						</control>

						<!-- CONTENT - RATER - BUTTON 7 -->
						<control type="group" id="52600">
							<control type="button" id="52601">
			      				<description>Rate As 7</description>
								<width>52</width>
								<height>52</height>

								<!-- Otherwise some skins add a button highlight (eg Aeon Nox). -->
								<texturenofocus></texturenofocus>
								<texturefocus></texturefocus>

								<onfocus>SetProperty(GaiaRatingValue,7)</onfocus>
								<onfocus>SetProperty(GaiaRatingLabel,Good)</onfocus>

								<onfocus condition="Integer.IsEqual(Window.Property(GaiaInitialized),1) + !String.IsEqual(Window.Property(GaiaPreviousRating),7)">SetProperty(GaiaColorDefault,$INFO[Window.Property(GaiaColorPrimary)])</onfocus>
								<onfocus condition="Integer.IsEqual(Window.Property(GaiaInitialized),1) + String.IsEqual(Window.Property(GaiaPreviousRating),7)">SetProperty(GaiaColorDefault,$INFO[Window.Property(GaiaColorRated)])</onfocus>

								<onleft>52501</onleft>
								<onright>52701</onright>
								<onup>50100</onup>
								<ondown>50100</ondown>
							</control>
							<control type="image" id="52602">
								<width>52</width>
								<height>52</height>
								<texture>special://home/addons/script.gaia.resources/resources/media/interface/rating/$INFO[Window.Property(GaiaIcon)]/outer.png</texture>
							</control>
							<control type="image" id="52603">
								<width>52</width>
								<height>52</height>
								<texture colordiffuse="$INFO[Window.Property(GaiaColorSecondary)]">special://home/addons/script.gaia.resources/resources/media/interface/rating/$INFO[Window.Property(GaiaIcon)]/inner.png</texture>
								<animation effect="fade" easing="inout" tween="cubic" start="0" end="100" time="100" reversible="false">VisibleChange</animation>
								<visible>!Integer.IsGreaterOrEqual(Window.Property(GaiaRatingValue),7)</visible>
							</control>
							<control type="image" id="52604">
								<width>52</width>
								<height>52</height>
								<texture colordiffuse="$INFO[Window.Property(GaiaColorDefault)]">special://home/addons/script.gaia.resources/resources/media/interface/rating/$INFO[Window.Property(GaiaIcon)]/inner.png</texture>
								<animation effect="fade" easing="inout" tween="cubic" start="0" end="100" time="100" reversible="false">VisibleChange</animation>
								<visible>Integer.IsGreaterOrEqual(Window.Property(GaiaRatingValue),7)</visible>
							</control>
						</control>

						<!-- CONTENT - RATER - BUTTON 8 -->
						<control type="group" id="52700">
							<control type="button" id="52701">
			      				<description>Rate As 8</description>
								<width>52</width>
								<height>52</height>

								<!-- Otherwise some skins add a button highlight (eg Aeon Nox). -->
								<texturenofocus></texturenofocus>
								<texturefocus></texturefocus>

								<onfocus>SetProperty(GaiaRatingValue,8)</onfocus>
								<onfocus>SetProperty(GaiaRatingLabel,Great)</onfocus>

								<onfocus condition="Integer.IsEqual(Window.Property(GaiaInitialized),1) + !String.IsEqual(Window.Property(GaiaPreviousRating),8)">SetProperty(GaiaColorDefault,$INFO[Window.Property(GaiaColorPrimary)])</onfocus>
								<onfocus condition="Integer.IsEqual(Window.Property(GaiaInitialized),1) + String.IsEqual(Window.Property(GaiaPreviousRating),8)">SetProperty(GaiaColorDefault,$INFO[Window.Property(GaiaColorRated)])</onfocus>

								<onleft>52601</onleft>
								<onright>52801</onright>
								<onup>50100</onup>
								<ondown>50100</ondown>
							</control>
							<control type="image" id="52702">
								<width>52</width>
								<height>52</height>
								<texture>special://home/addons/script.gaia.resources/resources/media/interface/rating/$INFO[Window.Property(GaiaIcon)]/outer.png</texture>
							</control>
							<control type="image" id="52703">
								<width>52</width>
								<height>52</height>
								<texture colordiffuse="$INFO[Window.Property(GaiaColorSecondary)]">special://home/addons/script.gaia.resources/resources/media/interface/rating/$INFO[Window.Property(GaiaIcon)]/inner.png</texture>
								<animation effect="fade" easing="inout" tween="cubic" start="0" end="100" time="100" reversible="false">VisibleChange</animation>
								<visible>!Integer.IsGreaterOrEqual(Window.Property(GaiaRatingValue),8)</visible>
							</control>
							<control type="image" id="52704">
								<width>52</width>
								<height>52</height>
								<texture colordiffuse="$INFO[Window.Property(GaiaColorDefault)]">special://home/addons/script.gaia.resources/resources/media/interface/rating/$INFO[Window.Property(GaiaIcon)]/inner.png</texture>
								<animation effect="fade" easing="inout" tween="cubic" start="0" end="100" time="100" reversible="false">VisibleChange</animation>
								<visible>Integer.IsGreaterOrEqual(Window.Property(GaiaRatingValue),8)</visible>
							</control>
						</control>

						<!-- CONTENT - RATER - BUTTON 9 -->
						<control type="group" id="52800">
							<control type="button" id="52801">
			      				<description>Rate As 9</description>
								<width>52</width>
								<height>52</height>

								<!-- Otherwise some skins add a button highlight (eg Aeon Nox). -->
								<texturenofocus></texturenofocus>
								<texturefocus></texturefocus>

								<onfocus>SetProperty(GaiaRatingValue,9)</onfocus>
								<onfocus>SetProperty(GaiaRatingLabel,Superb)</onfocus>

								<onfocus condition="Integer.IsEqual(Window.Property(GaiaInitialized),1) + !String.IsEqual(Window.Property(GaiaPreviousRating),9)">SetProperty(GaiaColorDefault,$INFO[Window.Property(GaiaColorPrimary)])</onfocus>
								<onfocus condition="Integer.IsEqual(Window.Property(GaiaInitialized),1) + String.IsEqual(Window.Property(GaiaPreviousRating),9)">SetProperty(GaiaColorDefault,$INFO[Window.Property(GaiaColorRated)])</onfocus>

								<onleft>52701</onleft>
								<onright>52901</onright>
								<onup>50100</onup>
								<ondown>50100</ondown>
							</control>
							<control type="image" id="52802">
								<width>52</width>
								<height>52</height>
								<texture>special://home/addons/script.gaia.resources/resources/media/interface/rating/$INFO[Window.Property(GaiaIcon)]/outer.png</texture>
							</control>
							<control type="image" id="52803">
								<width>52</width>
								<height>52</height>
								<texture colordiffuse="$INFO[Window.Property(GaiaColorSecondary)]">special://home/addons/script.gaia.resources/resources/media/interface/rating/$INFO[Window.Property(GaiaIcon)]/inner.png</texture>
								<animation effect="fade" easing="inout" tween="cubic" start="0" end="100" time="100" reversible="false">VisibleChange</animation>
								<visible>!Integer.IsGreaterOrEqual(Window.Property(GaiaRatingValue),9)</visible>
							</control>
							<control type="image" id="52804">
								<width>52</width>
								<height>52</height>
								<texture colordiffuse="$INFO[Window.Property(GaiaColorDefault)]">special://home/addons/script.gaia.resources/resources/media/interface/rating/$INFO[Window.Property(GaiaIcon)]/inner.png</texture>
								<animation effect="fade" easing="inout" tween="cubic" start="0" end="100" time="100" reversible="false">VisibleChange</animation>
								<visible>Integer.IsGreaterOrEqual(Window.Property(GaiaRatingValue),9)</visible>
							</control>
						</control>

						<!-- CONTENT - RATER - BUTTON 10 -->
						<control type="group" id="52900">
							<control type="button" id="52901">
			      				<description>Rate As 10</description>
								<width>52</width>
								<height>52</height>

								<!-- Otherwise some skins add a button highlight (eg Aeon Nox). -->
								<texturenofocus></texturenofocus>
								<texturefocus></texturefocus>

								<onfocus>SetProperty(GaiaRatingValue,10)</onfocus>
								<onfocus>SetProperty(GaiaRatingLabel,Totally Ninja)</onfocus>

								<onfocus condition="Integer.IsEqual(Window.Property(GaiaInitialized),1) + !String.IsEqual(Window.Property(GaiaPreviousRating),10)">SetProperty(GaiaColorDefault,$INFO[Window.Property(GaiaColorPrimary)])</onfocus>
								<onfocus condition="Integer.IsEqual(Window.Property(GaiaInitialized),1) + String.IsEqual(Window.Property(GaiaPreviousRating),10)">SetProperty(GaiaColorDefault,$INFO[Window.Property(GaiaColorRated)])</onfocus>

								<onleft>52801</onleft>
								<onright>noop</onright>
								<onup>50100</onup>
								<ondown>50100</ondown>
							</control>
							<control type="image" id="52902">
								<width>52</width>
								<height>52</height>
								<texture>special://home/addons/script.gaia.resources/resources/media/interface/rating/$INFO[Window.Property(GaiaIcon)]/outer.png</texture>
							</control>
							<control type="image" id="52903">
								<width>52</width>
								<height>52</height>
								<texture colordiffuse="$INFO[Window.Property(GaiaColorSecondary)]">special://home/addons/script.gaia.resources/resources/media/interface/rating/$INFO[Window.Property(GaiaIcon)]/inner.png</texture>
								<animation effect="fade" easing="inout" tween="cubic" start="0" end="100" time="100" reversible="false">VisibleChange</animation>
								<visible>!Integer.IsGreaterOrEqual(Window.Property(GaiaRatingValue),10)</visible>
							</control>
							<control type="image" id="52904">
								<width>52</width>
								<height>52</height>
								<texture colordiffuse="$INFO[Window.Property(GaiaColorDefault)]">special://home/addons/script.gaia.resources/resources/media/interface/rating/$INFO[Window.Property(GaiaIcon)]/inner.png</texture>
								<animation effect="fade" easing="inout" tween="cubic" start="0" end="100" time="100" reversible="false">VisibleChange</animation>
								<visible>Integer.IsGreaterOrEqual(Window.Property(GaiaRatingValue),10)</visible>
							</control>
						</control>

					</control>
				</control>

				<!-- CONTENT - DESCRIPTION -->
				<control type="label" id="51003">
					<top>430</top>
					<right>20</right>
					<width>200</width>
					<height>32</height>
					<font>[GAIAFONTLARGE]</font>
					<scroll>true</scroll>
					<scrollspeed>50</scrollspeed>
					<align>right</align>
					<aligny>center</aligny>
					<textcolor>FFFFFFFF</textcolor>
					<label>[B]$INFO[Window.Property(GaiaRatingValue)].0$INFO[Window.Property(GaiaSeparator)]$INFO[Window.Property(GaiaRatingLabel)][/B]</label>
				</control>
				<control type="fadelabel" id="51004">
					<top>460</top>
					<right>20</right>
					<width>200</width>
					<height>32</height>
					<font>[GAIAFONTSMALL]</font>
					<scroll>true</scroll>
					<scrollout>false</scrollout>
        			<pauseatend>2000</pauseatend>
					<align>right</align>
					<aligny>center</aligny>
					<textcolor>$INFO[Window.Property(GaiaColorRated)]</textcolor>
					<label>$INFO[Window.Property(GaiaPreviousLabel)]</label>
					<label>[B]$INFO[Window.Property(GaiaPreviousRating)].0[/B] ($INFO[Window.Property(GaiaPreviousTime)])</label>
					<visible>!String.IsEmpty(Window.Property(GaiaPreviousRating))</visible>
				</control>
				<control type="label" id="51005">
					<top>460</top>
					<right>20</right>
					<width>200</width>
					<height>32</height>
					<font>[GAIAFONTSMALL]</font>
					<scroll>true</scroll>
					<scrollspeed>50</scrollspeed>
					<align>right</align>
					<aligny>center</aligny>
					<textcolor>FFFFFFFF</textcolor>
					<label>[B]$INFO[Window.Property(GaiaUnratedLabel)][/B]</label>
					<visible>String.IsEmpty(Window.Property(GaiaPreviousRating))</visible>
				</control>

				<!-- CONTENT - RATING - GLOBAL -->
				<control type="group" id="51200">
					<top>425</top>
					<left>420</left>
					<width>500</width>
					<visible>!String.IsEmpty(Window.Property(GaiaRatingGlobal))</visible>

					<control type="image" id="51201">
						<top>0</top>
						<left>0</left>
						<width>32</width>
						<height>32</height>
						<texture colordiffuse="$INFO[Window.Property(GaiaColorRating)]">special://home/addons/script.gaia.resources/resources/media/interface/rating/$INFO[Window.Property(GaiaIcon)]/full.png</texture>
					</control>
					<control type="label" id="51312">
						<top>0</top>
						<left>40</left>
						<width>auto</width>
						<height>32</height>
						<font>[GAIAFONTLARGE]</font>
						<scroll>true</scroll>
						<scrollspeed>50</scrollspeed>
						<align>left</align>
						<aligny>center</aligny>
						<textcolor>FFFFFFFF</textcolor>
						<label>$INFO[Window.Property(GaiaRatingGlobal)]</label>
					</control>
				</control>

				<!-- CONTENT - RATING - SERVICES -->
				<!-- NB: Grouplists cannot be retrieved in Python. Wrap it in a normal group. -->
				<!-- NB: Do not put individual icon-label pairs into separate groups, otherwise dynamic sizing with <width>auto</width> does not work. -->
				<control type="group" id="51300">
					<top>465</top>
					<left>426</left>
					<width>500</width>

					<control type="grouplist">
						<top>0</top>
						<left>0</left>
						<orientation>horizontal</orientation>

						<!-- CONTENT - RATING - TRAKT -->
						<control type="image" id="51311">
							<top>0</top>
							<left>0</left>
							<width>20</width>
							<height>20</height>
							<texture>special://home/addons/script.gaia.resources/resources/media/icons/services/mini/trakt.png</texture>
							<visible>!String.IsEmpty(Window.Property(GaiaRatingTrakt))</visible>
						</control>
						<control type="label" id="51312">
							<top>0</top>
							<left>34</left>
							<width>auto</width>
							<height>20</height>
							<font>[GAIAFONTSMALL]</font>
							<scroll>true</scroll>
							<scrollspeed>50</scrollspeed>
							<align>left</align>
							<aligny>center</aligny>
							<textcolor>FFFFFFFF</textcolor>
							<label>  $INFO[Window.Property(GaiaRatingTrakt)]    </label>
							<visible>!String.IsEmpty(Window.Property(GaiaRatingTrakt))</visible>
						</control>

						<!-- CONTENT - RATING - IMDB -->
						<control type="image" id="51321">
							<top>0</top>
							<left>0</left>
							<width>20</width>
							<height>20</height>
							<texture>special://home/addons/script.gaia.resources/resources/media/icons/services/mini/imdb.png</texture>
							<visible>!String.IsEmpty(Window.Property(GaiaRatingImdb))</visible>
						</control>
						<control type="label" id="51322">
							<top>0</top>
							<left>34</left>
							<width>auto</width>
							<height>20</height>
							<font>[GAIAFONTSMALL]</font>
							<scroll>true</scroll>
							<scrollspeed>50</scrollspeed>
							<align>left</align>
							<aligny>center</aligny>
							<textcolor>FFFFFFFF</textcolor>
							<label>  $INFO[Window.Property(GaiaRatingImdb)]    </label>
							<visible>!String.IsEmpty(Window.Property(GaiaRatingImdb))</visible>
						</control>

						<!-- CONTENT - RATING - TMDB -->
						<control type="image" id="51331">
							<top>0</top>
							<left>0</left>
							<width>20</width>
							<height>20</height>
							<texture>special://home/addons/script.gaia.resources/resources/media/icons/services/mini/tmdb.png</texture>
							<visible>!String.IsEmpty(Window.Property(GaiaRatingTmdb))</visible>
						</control>
						<control type="label" id="51332">
							<top>0</top>
							<left>34</left>
							<width>auto</width>
							<height>20</height>
							<font>[GAIAFONTSMALL]</font>
							<scroll>true</scroll>
							<scrollspeed>50</scrollspeed>
							<align>left</align>
							<aligny>center</aligny>
							<textcolor>FFFFFFFF</textcolor>
							<label>  $INFO[Window.Property(GaiaRatingTmdb)]    </label>
							<visible>!String.IsEmpty(Window.Property(GaiaRatingTmdb))</visible>
						</control>
					</control>
				</control>

			</control>

		</control>

	</controls>
</window>
