<?xml version="1.0" encoding="UTF-8" standalone="yes"?>
<addon id="script.gaia.resources" version="6.1.0" name="Gaia Resources" provider-name="Gaia">
	<requires>
	</requires>
	<extension point="xbmc.python.module" />
	<extension point="xbmc.addon.metadata">
		<summary lang="en">Gaia Resources</summary>
		<description lang="en">Essential resources, icons, skins, and windows for Gaia.</description>
		<disclaimer lang="en">Gaia and its developers are not affiliated with Kodi or any of the services used in the addon. Gaia and its developers do not create, host, or distribute any of the content displayed in the addon. Gaia simply searches publicly available sources for content. Gaia is, and always will be, free and open-source. None of its code or resources may be sold or redistributed for commercial purposes.</disclaimer>

		<platform>all</platform>
		<license>GPL 3.0</license>

		<website>https://gaiakodi.com</website>
		<forum>https://gaiakodi.com/support</forum>

		<assets>
			<icon>resources/icon.png</icon>
			<clearlogo>resources/clearlogo.png</clearlogo>
			<fanart>resources/fanart.jpg</fanart>
			<banner>resources/banner.jpg</banner>
		</assets>
	</extension>
</addon>
