{"AF": {"lng": "21.09375", "geonameId": 6255146, "timezone": {"gmtOffset": 1, "timeZoneId": "Africa/Bangui", "dstOffset": 1}, "bbox": {"east": 63.49390709700003, "south": -37.432486921640724, "north": 37.5598406350001, "west": -25.36118769, "accuracyLevel": 0}, "toponymName": "Africa", "asciiName": "Africa", "astergdem": 589, "fcl": "L", "population": 1031833000, "wikipediaURL": "en.wikipedia.org/wiki/Africa", "adminName5": "", "srtm3": 592, "adminName4": "", "adminName3": "", "alternateNames": [{"name": "\u30a2\u30d5\u30ea\u30ab", "lang": "ja"}, {"isPreferredName": true, "name": "\uc544\ud504\ub9ac\uce74", "lang": "ko"}, {"name": "\u0e41\u0e2d\u0e1f\u0e23\u0e34\u0e01\u0e32", "lang": "th"}, {"isPreferredName": true, "name": "Aafrika", "lang": "et"}, {"name": "Affrica", "lang": "cy"}, {"isPreferredName": true, "name": "Africa", "lang": "en"}, {"isPreferredName": true, "name": "Africa", "lang": "it"}, {"name": "Africa", "lang": "la"}, {"isShortName": true, "isPreferredName": true, "name": "\u00c1frica", "lang": "es"}, {"name": "\u00c1frica", "lang": "pt"}, {"name": "\u00c0frica", "lang": "ca"}, {"name": "Afrihkk\u00e1", "lang": "se"}, {"name": "Afrika", "lang": "bs"}, {"name": "Afrika", "lang": "cs"}, {"name": "Afrika", "lang": "da"}, {"isPreferredName": true, "name": "Afrika", "lang": "de"}, {"name": "Afrika", "lang": "eu"}, {"name": "Afrika", "lang": "hu"}, {"name": "Afrika", "lang": "id"}, {"name": "Afrika", "lang": "lt"}, {"name": "Afrika", "lang": "nb"}, {"name": "Afrika", "lang": "nl"}, {"name": "Afrika", "lang": "no"}, {"isPreferredName": true, "name": "Afrika", "lang": "sk"}, {"name": "Afrika", "lang": "sv"}, {"name": "Afrika", "lang": "tr"}, {"name": "\u0100frika", "lang": "lv"}, {"name": "Afr\u00edka", "lang": "is"}, {"name": "Afr\u00eeka", "lang": "ku"}, {"name": "Afrikka", "lang": "fi"}, {"name": "Afriko", "lang": "eo"}, {"name": "Afrique", "lang": "fr"}, {"name": "Afryka", "lang": "pl"}, {"name": "an Afraic", "lang": "ga"}, {"name": "Ch\u00e2u Phi", "lang": "vi"}, {"isColloquial": true, "name": "el Continente Negro", "lang": "es"}, {"name": "http://id.loc.gov/authorities/subjects/sh85001531", "lang": "link"}, {"name": "https://en.wikipedia.org/wiki/Africa", "lang": "link"}, {"name": "\u0627\u0641\u0631\u06cc\u0642\u0627", "lang": "fa"}, {"name": "\u0623\u0641\u0631\u064a\u0642\u064a\u0627", "lang": "ar"}, {"name": "\u05d0\u05e4\u05e8\u05d9\u05e7\u05d4", "lang": "he"}, {"name": "\u0391\u03c6\u03c1\u03b9\u03ba\u03ae", "lang": "el"}, {"name": "\u0410\u0444\u0440\u0438\u043a\u0430", "lang": "bg"}, {"name": "\u0410\u0444\u0440\u0438\u043a\u0430", "lang": "ru"}, {"name": "\u0410\u0444\u0440\u0438\u043a\u0430", "lang": "uk"}, {"name": "\u0905\u092b\u093c\u094d\u0930\u0940\u0915\u093e", "lang": "hi"}, {"name": "\u975e\u6d32", "lang": "zh"}], "cc2": "AO,BF,BI,BJ,BW,CD,CF,CG,CI,CM,CV,DJ,DZ,EG,ER,ET,GA,GH,GM,GN,GQ,GW,KE,KM,LR,LS,LY,MA,MG,ML,MR,MU,MW,MZ,NA,NE,NG,RE,RW,SC,SD,SH,SL,SN,SO,SS,ST,SZ,TD,TG,TN,TZ,UG,YT,ZA,ZM,ZW", "adminName2": "", "name": "Africa", "fclName": "parks,area, ...", "fcodeName": "continent", "adminName1": "", "lat": "7.1881", "fcode": "CONT", "continentCode": "AF"}, "AS": {"lng": "89.29688", "geonameId": 6255147, "timezone": {"gmtOffset": 8, "timeZoneId": "Australia/Perth", "dstOffset": 8}, "bbox": {"east": -168.98974609375, "south": -11.00214, "north": 81.8519287109375, "west": 25.6685104370001, "accuracyLevel": 0}, "toponymName": "Asia", "asciiName": "Asia", "astergdem": 5115, "fcl": "L", "population": 3812366000, "wikipediaURL": "en.wikipedia.org/wiki/Asia", "adminName5": "", "srtm3": 5101, "adminName4": "", "adminName3": "", "alternateNames": [{"name": "\u30a2\u30b8\u30a2", "lang": "ja"}, {"isPreferredName": true, "name": "\uc544\uc2dc\uc544", "lang": "ko"}, {"name": "\u0e40\u0e2d\u0e40\u0e0a\u0e35\u0e22", "lang": "th"}, {"isPreferredName": true, "name": "Aasia", "lang": "et"}, {"name": "Aasia", "lang": "fi"}, {"name": "an \u00c1ise", "lang": "ga"}, {"name": "Asia", "lang": "cy"}, {"isPreferredName": true, "name": "Asia", "lang": "en"}, {"isShortName": true, "isPreferredName": true, "name": "Asia", "lang": "es"}, {"name": "Asia", "lang": "eu"}, {"name": "Asia", "lang": "id"}, {"name": "Asia", "lang": "it"}, {"name": "Asia", "lang": "la"}, {"name": "Asia", "lang": "nb"}, {"name": "Asia", "lang": "no"}, {"name": "\u00c1sia", "lang": "pt"}, {"name": "\u00c1sia", "lang": "se"}, {"name": "\u00c0sia", "lang": "ca"}, {"name": "As\u00eda", "lang": "is"}, {"name": "Asie", "lang": "cs"}, {"name": "Asie", "lang": "fr"}, {"name": "Asien", "lang": "da"}, {"isPreferredName": true, "name": "Asien", "lang": "de"}, {"name": "Asien", "lang": "sv"}, {"name": "Asya", "lang": "ku"}, {"name": "Asya", "lang": "tr"}, {"isPreferredName": true, "name": "\u00c1zia", "lang": "sk"}, {"isShortName": true, "isPreferredName": true, "name": "Azi\u00eb", "lang": "nl"}, {"name": "Azija", "lang": "bs"}, {"name": "Azija", "lang": "lt"}, {"name": "\u0100zija", "lang": "lv"}, {"name": "Azio", "lang": "eo"}, {"name": "Azja", "lang": "pl"}, {"name": "\u00c1zsia", "lang": "hu"}, {"name": "Ch\u00e2u \u00c1", "lang": "vi"}, {"name": "http://id.loc.gov/authorities/subjects/sh85008606", "lang": "link"}, {"name": "https://en.wikipedia.org/wiki/Asia", "lang": "link"}, {"name": "\u0622\u0633\u064a\u0627", "lang": "ar"}, {"name": "\u0627\u06cc\u0634\u06cc\u0627", "lang": "ur"}, {"name": "\u05d0\u05e1\u05d9\u05d4", "lang": "he"}, {"name": "\u0391\u03c3\u03af\u03b1", "lang": "el"}, {"name": "\u0410\u0437\u0438\u044f", "lang": "bg"}, {"isShortName": true, "isPreferredName": true, "name": "\u0410\u0437\u0438\u044f", "lang": "ru"}, {"name": "\u0410\u0437\u0456\u044f", "lang": "uk"}, {"name": "\u090f\u0936\u093f\u092f\u093e \u092e\u0939\u093e\u0926\u094d\u0935\u0940\u092a", "lang": "hi"}, {"name": "\u4e9a\u6d32", "lang": "zh"}], "cc2": "AE,AF,AM,AZ,BD,BH,BN,BT,CN,CY,GE,HK,ID,IL,IN,IQ,IR,JO,JP,KG,KH,KP,KR,KW,KZ,LA,LB,LK,MM,MN,MO,MV,MY,NP,OM,PH,PK,PS,QA,SA,SG,SY,TH,TJ,TL,TM,TR,TW,UZ,VN,YE", "adminName2": "", "name": "Asia", "fclName": "parks,area, ...", "fcodeName": "continent", "adminName1": "", "lat": "29.84064", "fcode": "CONT", "continentCode": "AS"}, "EU": {"lng": "9.14062", "geonameId": 6255148, "timezone": {"gmtOffset": 1, "timeZoneId": "Europe/Vaduz", "dstOffset": 2}, "bbox": {"east": 41.73303985595703, "south": 27.6377894797159, "north": 80.76416015625, "west": -24.532675386662543, "accuracyLevel": 0}, "toponymName": "Europe", "asciiName": "Europe", "astergdem": 439, "fcl": "L", "population": 741000000, "wikipediaURL": "en.wikipedia.org/wiki/Europe", "adminName5": "", "srtm3": 443, "adminName4": "", "adminName3": "", "alternateNames": [{"isPreferredName": true, "name": "\uc720\ub7fd", "lang": "ko"}, {"name": "\u0e22\u0e38\u0e42\u0e23\u0e1b", "lang": "th"}, {"name": "\u30e8\u30fc\u30ed\u30c3\u30d1", "lang": "ja"}, {"name": "an Eoraip", "lang": "ga"}, {"name": "Avrupa", "lang": "tr"}, {"name": "Ch\u00e2u \u00c2u", "lang": "vi"}, {"name": "Eiropa", "lang": "lv"}, {"isColloquial": true, "name": "El viejo continente", "lang": "es"}, {"name": "Eropa", "lang": "id"}, {"name": "Eurohp\u00e1", "lang": "se"}, {"isPreferredName": true, "name": "Euroopa", "lang": "et"}, {"name": "Eurooppa", "lang": "fi"}, {"isShortName": true, "isPreferredName": true, "name": "Europa", "lang": "ca"}, {"name": "Europa", "lang": "da"}, {"isPreferredName": true, "name": "Europa", "lang": "de"}, {"isShortName": true, "isPreferredName": true, "name": "Europa", "lang": "es"}, {"name": "Europa", "lang": "eu"}, {"name": "Europa", "lang": "it"}, {"name": "Europa", "lang": "la"}, {"name": "Europa", "lang": "lt"}, {"name": "Europa", "lang": "nb"}, {"isShortName": true, "isPreferredName": true, "name": "Europa", "lang": "nl"}, {"name": "Europa", "lang": "no"}, {"name": "Europa", "lang": "pl"}, {"name": "Europa", "lang": "pt"}, {"isPreferredName": true, "name": "Europa", "lang": "ro"}, {"name": "Europa", "lang": "sv"}, {"name": "Eur\u00f3pa", "lang": "hu"}, {"isPreferredName": true, "name": "Eur\u00f3pa", "lang": "sk"}, {"isPreferredName": true, "name": "Europe", "lang": "en"}, {"name": "Europe", "lang": "fr"}, {"name": "E\u016dropo", "lang": "eo"}, {"name": "Evropa", "lang": "bs"}, {"name": "Evropa", "lang": "cs"}, {"name": "Evr\u00f3pa", "lang": "is"}, {"name": "Ewrop", "lang": "cy"}, {"name": "Ewropa", "lang": "ku"}, {"name": "http://id.loc.gov/authorities/subjects/sh85045631", "lang": "link"}, {"name": "https://en.wikipedia.org/wiki/Europe", "lang": "link"}, {"name": "\u0623\u0648\u0631\u0648\u0628\u0627", "lang": "ar"}, {"name": "\u05d0\u05d9\u05e8\u05d5\u05e4\u05d4", "lang": "he"}, {"name": "\u0395\u03c5\u03c1\u03ce\u03c0\u03b7", "lang": "el"}, {"name": "\u0415\u0432\u0440\u043e\u043f\u0430", "lang": "bg"}, {"isPreferredName": true, "name": "\u0415\u0432\u0440\u043e\u043f\u0430", "lang": "ru"}, {"name": "\u0415\u045e\u0440\u043e\u043f\u0430", "lang": "be"}, {"name": "\u0404\u0432\u0440\u043e\u043f\u0430", "lang": "uk"}, {"name": "\u0420\u0430\u0448\u043a\u0430", "lang": "ru"}, {"name": "\u092f\u0942\u0930\u094b\u092a", "lang": "hi"}, {"name": "\u6b27\u6d32", "lang": "zh"}], "cc2": "AD,AL,AT,AX,BA,BE,BG,BY,CH,CZ,DE,DK,EE,ES,FI,FO,FR,GB,GG,GI,GR,HR,HU,IE,IM,IS,IT,JE,LI,LT,LU,LV,MC,MD,ME,MK,MT,NL,NO,PL,PT,RO,RS,RU,SE,SI,SJ,SK,SM,UA,VA", "adminName2": "", "name": "Europe", "fclName": "parks,area, ...", "fcodeName": "continent", "adminName1": "", "lat": "48.69096", "fcode": "CONT", "continentCode": "EU"}, "NA": {"lng": "-100.54688", "geonameId": 6255149, "timezone": {"gmtOffset": -7, "timeZoneId": "America/Cambridge_Bay", "dstOffset": -6}, "bbox": {"east": -25.012222290039062, "south": 5.49857041364627, "north": 83.1355025240001, "west": 172.444761, "accuracyLevel": 0}, "toponymName": "North America", "asciiName": "North America", "astergdem": 566, "fcl": "L", "population": 580000000, "wikipediaURL": "en.wikipedia.org/wiki/North_America", "adminName5": "", "srtm3": 570, "adminName4": "", "adminName3": "", "alternateNames": [{"isPreferredName": true, "name": "\ubd81\uc544\uba54\ub9ac\uce74", "lang": "ko"}, {"name": "\u0e2d\u0e40\u0e21\u0e23\u0e34\u0e01\u0e32\u0e40\u0e2b\u0e19\u0e37\u0e2d", "lang": "th"}, {"name": "Abya Yala", "lang": "cai"}, {"name": "Am\u00e8rica del Nord", "lang": "ca"}, {"isPreferredName": true, "name": "Am\u00e9rica del Norte", "lang": "es"}, {"name": "Am\u00e9rica do Norte", "lang": "pt"}, {"name": "Am\u00e9rica Septentrional", "lang": "es"}, {"name": "America settentrionale", "lang": "it"}, {"name": "Amerika Utara", "lang": "id"}, {"name": "Amer\u00eekaya Bakur", "lang": "ku"}, {"name": "Am\u00e9rique du Nord", "lang": "fr"}, {"name": "Ameryka P\u00f3\u0142nocna", "lang": "pl"}, {"name": "B\u1eafc M\u1ef9", "lang": "vi"}, {"name": "Davvi-Amerihkk\u00e1", "lang": "se"}, {"name": "\u00c9szak-Amerika", "lang": "hu"}, {"name": "Gogledd America", "lang": "cy"}, {"name": "http://id.loc.gov/authorities/subjects/sh85092455", "lang": "link"}, {"name": "https://en.wikipedia.org/wiki/North_America", "lang": "link"}, {"name": "Kuzey Amerika", "lang": "tr"}, {"name": "Meirice\u00e1 Thuaidh", "lang": "ga"}, {"name": "Noord-Amerika", "lang": "nl"}, {"name": "Nordamerika", "lang": "da"}, {"isPreferredName": true, "name": "Nordamerika", "lang": "de"}, {"name": "Nordamerika", "lang": "sv"}, {"name": "Nord-Amerika", "lang": "nb"}, {"name": "Nord-Amerika", "lang": "no"}, {"name": "Nordameriko", "lang": "eo"}, {"name": "Nor\u00f0ur-Amer\u00edka", "lang": "is"}, {"isShortName": true, "name": "Norteam\u00e9rica", "lang": "es"}, {"isPreferredName": true, "name": "North America", "lang": "en"}, {"isPreferredName": true, "name": "P\u00f5hja-Ameerika", "lang": "et"}, {"name": "Pohjois-Amerikka", "lang": "fi"}, {"isPreferredName": true, "name": "Severn\u00e1 Amerika", "lang": "sk"}, {"name": "Severn\u00ed Amerika", "lang": "cs"}, {"name": "\u0160iaur\u0117s Amerika", "lang": "lt"}, {"name": "Sjeverna Amerika", "lang": "bs"}, {"name": "Zieme\u013camerika", "lang": "lv"}, {"name": "\u0623\u0645\u0631\u064a\u0643\u0627 \u0627\u0644\u0634\u0645\u0627\u0644\u064a\u0629", "lang": "ar"}, {"name": "\u0634\u0645\u0627\u0644\u06cc \u0627\u0645\u0631\u06cc\u06a9\u06c1", "lang": "ur"}, {"name": "\u05d0\u05de\u05e8\u05d9\u05e7\u05d4 \u05d4\u05e6\u05e4\u05d5\u05e0\u05d9\u05ea", "lang": "he"}, {"name": "\u0392\u03cc\u03c1\u03b5\u03b9\u03b1 \u0391\u03bc\u03b5\u03c1\u03b9\u03ba\u03ae", "lang": "el"}, {"name": "\u041f\u0456\u0432\u043d\u0456\u0447\u043d\u0430 \u0410\u043c\u0435\u0440\u0438\u043a\u0430", "lang": "ru"}, {"name": "\u041f\u0456\u0432\u043d\u0456\u0447\u043d\u0430 \u0410\u043c\u0435\u0440\u0438\u043a\u0430", "lang": "uk"}, {"name": "\u0421\u0435\u0432\u0435\u0440\u043d\u0430 \u0410\u043c\u0435\u0440\u0438\u043a\u0430", "lang": "bg"}, {"isPreferredName": true, "name": "\u0421\u0435\u0432\u0435\u0440\u043d\u0430\u044f \u0410\u043c\u0435\u0440\u0438\u043a\u0430", "lang": "ru"}, {"name": "\u0909\u0924\u094d\u0924\u0930\u0940 \u0905\u092e\u0930\u0940\u0915\u093e", "lang": "hi"}, {"name": "\u5317\u30a2\u30e1\u30ea\u30ab", "lang": "ja"}, {"name": "\u5317\u7f8e\u6d32", "lang": "zh"}], "cc2": "AG,AI,AW,BB,BL,BM,BQ,BS,BZ,CA,CR,CU,CW,DM,DO,GD,GL,GP,GT,HN,HT,JM,KN,KY,LC,MF,MQ,MS,MX,NI,PA,PM,PR,SV,SX,TC,TT,US,VC,VG,VI", "adminName2": "", "name": "North America", "fclName": "parks,area, ...", "fcodeName": "continent", "adminName1": "", "lat": "46.07323", "fcode": "CONT", "continentCode": "NA"}, "OC": {"lng": "138.51562", "geonameId": 6255151, "timezone": {"gmtOffset": 11, "timeZoneId": "Pacific/Pohnpei", "dstOffset": 11}, "bbox": {"east": 179.44752455997005, "south": -47.289992513656124, "north": 28.402182, "west": -179.9999999999999, "accuracyLevel": 0}, "toponymName": "Oceania", "asciiName": "Oceania", "astergdem": 70, "fcl": "L", "population": 40000000, "wikipediaURL": "en.wikipedia.org/wiki/Oceania", "adminName5": "", "srtm3": 72, "adminName4": "", "adminName3": "", "alternateNames": [{"name": "\u30aa\u30bb\u30a2\u30cb\u30a2", "lang": "ja"}, {"isPreferredName": true, "name": "\uc624\uc138\uc544\ub2c8\uc544", "lang": "ko"}, {"name": "\u0e42\u0e2d\u0e40\u0e0a\u0e35\u0e22\u0e40\u0e19\u0e35\u0e22", "lang": "th"}, {"name": "an Aig\u00e9ine", "lang": "ga"}, {"name": "Ch\u00e2u \u0110\u1ea1i D\u01b0\u01a1ng", "lang": "vi"}, {"name": "Eyja\u00e1lfa", "lang": "is"}, {"name": "https://en.wikipedia.org/wiki/Oceania", "lang": "link"}, {"name": "Oceania", "lang": "ca"}, {"name": "Oceania", "lang": "cy"}, {"isPreferredName": true, "name": "Oceania", "lang": "en"}, {"name": "Oceania", "lang": "id"}, {"name": "Oceania", "lang": "it"}, {"name": "Oceania", "lang": "pl"}, {"name": "Oceania", "lang": "pt"}, {"isPreferredName": true, "name": "Oce\u00e1nia", "lang": "sk"}, {"name": "\u00d3ce\u00e1nia", "lang": "hu"}, {"isShortName": true, "isPreferredName": true, "name": "Ocean\u00eda", "lang": "es"}, {"name": "Oc\u00e9anie", "lang": "fr"}, {"name": "Oce\u00e1nie", "lang": "cs"}, {"name": "Oceani\u00eb", "lang": "nl"}, {"name": "Oceanien", "lang": "da"}, {"name": "Oceanien", "lang": "sv"}, {"name": "Oceanio", "lang": "eo"}, {"isPreferredName": true, "name": "Okeaania", "lang": "et"}, {"name": "Okeanija", "lang": "lt"}, {"name": "Oke\u0101nija", "lang": "lv"}, {"name": "Okyanusya", "lang": "tr"}, {"name": "Oseania", "lang": "fi"}, {"name": "Oseania", "lang": "nb"}, {"name": "Oseania", "lang": "no"}, {"name": "Oseania", "lang": "se"}, {"isPreferredName": true, "name": "Ozeanien", "lang": "de"}, {"name": "\u0623\u0648\u0642\u064a\u0627\u0646\u0648\u0633\u064a\u0627", "lang": "ar"}, {"name": "\u05d0\u05d5\u05e7\u05d9\u05d0\u05e0\u05d9\u05d4", "lang": "he"}, {"name": "\u03a9\u03ba\u03b5\u03b1\u03bd\u03af\u03b1", "lang": "el"}, {"name": "\u041e\u043a\u0435\u0430\u043d\u0438\u044f", "lang": "bg"}, {"isPreferredName": true, "name": "\u041e\u043a\u0435\u0430\u043d\u0438\u044f", "lang": "ru"}, {"name": "\u041e\u043a\u0435\u0430\u043d\u0456\u044f", "lang": "uk"}, {"name": "\u0913\u0936\u0940\u0928\u093f\u092f\u093e", "lang": "hi"}, {"name": "\u5927\u6d0b\u6d32", "lang": "zh"}], "cc2": "AU,CK,FJ,FM,GU,KI,MH,NC,NF,NR,NU,NZ,PG,PN,PW,SB,TK,TO,TV,VU,WF,WS", "adminName2": "", "name": "Oceania", "fclName": "parks,area, ...", "fcodeName": "continent", "adminName1": "", "lat": "-18.31281", "fcode": "CONT", "continentCode": "OC"}, "SA": {"lng": "-57.65625", "geonameId": 6255150, "timezone": {"gmtOffset": -3, "timeZoneId": "America/Recife", "dstOffset": -3}, "bbox": {"east": -28.8360947061847, "south": -56.5377657939999, "north": 13.394789727, "west": -109.454879262, "accuracyLevel": 0}, "toponymName": "South America", "asciiName": "South America", "astergdem": 276, "fcl": "L", "population": 385742554, "wikipediaURL": "en.wikipedia.org/wiki/South_America", "adminName5": "", "srtm3": 278, "adminName4": "", "adminName3": "", "alternateNames": [{"isPreferredName": true, "name": "\ub0a8\uc544\uba54\ub9ac\uce74", "lang": "ko"}, {"name": "\u0e2d\u0e40\u0e21\u0e23\u0e34\u0e01\u0e32\u0e43\u0e15\u0e49", "lang": "th"}, {"name": "Abya Yala", "lang": "cai"}, {"name": "Am\u00e9rica del Sud", "lang": "es"}, {"name": "Am\u00e8rica del Sud", "lang": "ca"}, {"isPreferredName": true, "name": "Am\u00e9rica del Sur", "lang": "es"}, {"name": "Am\u00e9rica do Sul", "lang": "pt"}, {"name": "Am\u00e9rica Meridional", "lang": "es"}, {"name": "America meridionale", "lang": "it"}, {"name": "Amerika Selatan", "lang": "id"}, {"name": "Amer\u00eekaya Ba\u015f\u00fbr", "lang": "ku"}, {"name": "Am\u00e9rique du Sud", "lang": "fr"}, {"name": "Ameryka Po\u0142udniowa", "lang": "pl"}, {"name": "De America", "lang": "cy"}, {"name": "D\u00e9l-Amerika", "lang": "hu"}, {"name": "Dienvidamerika", "lang": "lv"}, {"name": "Etel\u00e4-Amerikka", "lang": "fi"}, {"name": "G\u00fcney Amerika", "lang": "tr"}, {"name": "Hegoamerika", "lang": "eu"}, {"name": "Hego-Amerika", "lang": "eu"}, {"name": "http://id.loc.gov/authorities/subjects/sh85125524", "lang": "link"}, {"name": "https://en.wikipedia.org/wiki/South_America", "lang": "link"}, {"name": "Ji\u017en\u00ed Amerika", "lang": "cs"}, {"name": "Ju\u017ena Amerika", "lang": "bs"}, {"isPreferredName": true, "name": "Ju\u017en\u00e1 Amerika", "lang": "sk"}, {"isPreferredName": true, "name": "L\u00f5una-Ameerika", "lang": "et"}, {"name": "Lulli-Amerihkk\u00e1", "lang": "se"}, {"name": "Meirice\u00e1 Theas", "lang": "ga"}, {"name": "Nam M\u1ef9", "lang": "vi"}, {"name": "Piet\u0173 Amerika", "lang": "lt"}, {"name": "S\u00f8r-Amerika", "lang": "nb"}, {"name": "S\u00f8r-Amerika", "lang": "no"}, {"isPreferredName": true, "name": "South America", "lang": "en"}, {"isShortName": true, "name": "Sudam\u00e9rica", "lang": "es"}, {"isPreferredName": true, "name": "S\u00fcdamerika", "lang": "de"}, {"name": "Sudameriko", "lang": "eo"}, {"name": "Su\u00f0ur-Amer\u00edka", "lang": "is"}, {"name": "Suram\u00e9rica", "lang": "es"}, {"name": "Sydamerika", "lang": "da"}, {"name": "Sydamerika", "lang": "sv"}, {"name": "Zuid-Amerika", "lang": "nl"}, {"name": "\u0623\u0645\u0631\u064a\u0643\u0627 \u0627\u0644\u062c\u0646\u0648\u0628\u064a\u0629", "lang": "ar"}, {"name": "\u05d0\u05de\u05e8\u05d9\u05e7\u05d4 \u05d4\u05d3\u05e8\u05d5\u05de\u05d9\u05ea", "lang": "he"}, {"name": "\u039d\u03cc\u03c4\u03b9\u03b1 \u0391\u03bc\u03b5\u03c1\u03b9\u03ba\u03ae", "lang": "el"}, {"name": "\u041f\u0456\u0432\u0434\u0435\u043d\u043d\u0430 \u0410\u043c\u0435\u0440\u0438\u043a\u0430", "lang": "uk"}, {"name": "\u042e\u0436\u043d\u0430 \u0410\u043c\u0435\u0440\u0438\u043a\u0430", "lang": "bg"}, {"name": "\u042e\u0436\u043d\u0430\u044f \u0410\u043c\u0435\u0440\u0438\u043a\u0430", "lang": "ru"}, {"name": "\u0926\u0915\u094d\u0937\u093f\u0923\u0940 \u0905\u092e\u0930\u0940\u0915\u093e", "lang": "hi"}, {"name": "\u5357\u30a2\u30e1\u30ea\u30ab", "lang": "ja"}, {"name": "\u5357\u7f8e\u6d32", "lang": "zh"}], "cc2": "BR,CO,AR,PE,VE,CL,EC,BO,PY,UY,GY,SR,GF,FK", "adminName2": "", "name": "South America", "fclName": "parks,area, ...", "fcodeName": "continent", "adminName1": "", "lat": "-14.60485", "fcode": "CONT", "continentCode": "SA"}, "AN": {"lng": "16.40626", "geonameId": 6255152, "timezone": {"gmtOffset": 3, "timeZoneId": "Antarctica/Syowa", "dstOffset": 3}, "bbox": {"east": 77.58521569100006, "south": -49.72161223799989, "north": -37.82024504999994, "west": 68.61011803500011, "accuracyLevel": 0}, "toponymName": "Antarctica", "asciiName": "Antarctica", "astergdem": -9999, "fcl": "L", "population": 1100, "wikipediaURL": "en.wikipedia.org/wiki/Antarctica", "adminName5": "", "srtm3": -32768, "adminName4": "", "adminName3": "", "alternateNames": [{"isPreferredName": true, "name": "\ub0a8\uadf9", "lang": "ko"}, {"isPreferredName": true, "name": "\u12a0\u1295\u1273\u122d\u12ad\u1272\u12ab", "lang": "am"}, {"name": "\u0e41\u0e2d\u0e19\u0e15\u0e32\u0e23\u0e4c\u0e01\u0e15\u0e34\u0e01\u0e32", "lang": "th"}, {"name": "an Antartaice", "lang": "ga"}, {"isPreferredName": true, "name": "\u02bbAnet\u0101tika", "lang": "to"}, {"name": "Antarctica", "lang": "cy"}, {"isPreferredName": true, "name": "Antarctica", "lang": "en"}, {"isPreferredName": true, "name": "Antarctica", "lang": "ia"}, {"isPreferredName": true, "name": "Antarctica", "lang": "ms"}, {"isPreferredName": true, "name": "Antarctica", "lang": "nl"}, {"isPreferredName": true, "name": "Antarctica", "lang": "ro"}, {"name": "Antarctique", "lang": "fr"}, {"name": "Antarktida", "lang": "cs"}, {"name": "Antarktida", "lang": "lt"}, {"isPreferredName": true, "name": "Antarkt\u00edda", "lang": "sk"}, {"name": "Antarkt\u012bda", "lang": "lv"}, {"name": "Antarktik", "lang": "bs"}, {"isPreferredName": true, "name": "Antarktika", "lang": "af"}, {"name": "Antarktika", "lang": "de"}, {"isPreferredName": true, "name": "Antarktika", "lang": "et"}, {"isPreferredName": true, "name": "Antarktika", "lang": "hr"}, {"isPreferredName": true, "name": "Antarktika", "lang": "lv"}, {"isPreferredName": true, "name": "Antarktika", "lang": "sl"}, {"name": "Antarktika", "lang": "tr"}, {"name": "Antarkt\u00edka", "lang": "is"}, {"name": "Antarkt\u00eeka", "lang": "ku"}, {"name": "Antarktis", "lang": "da"}, {"isPreferredName": true, "name": "Antarktis", "lang": "de"}, {"isPreferredName": true, "name": "Antarktis", "lang": "fi"}, {"isPreferredName": true, "name": "Antarktis", "lang": "fo"}, {"isPreferredName": true, "name": "Antarktis", "lang": "nb"}, {"isPreferredName": true, "name": "Antarktis", "lang": "nn"}, {"name": "Antarktis", "lang": "sv"}, {"name": "Ant\u00e1rktis", "lang": "se"}, {"name": "Antarktisz", "lang": "hu"}, {"name": "Antarkto", "lang": "eo"}, {"name": "Antarktyda", "lang": "pl"}, {"isPreferredName": true, "name": "Antarktyka", "lang": "pl"}, {"name": "Ant\u00e1rtica", "lang": "pt"}, {"isShortName": true, "isPreferredName": true, "name": "Ant\u00e1rtida", "lang": "es"}, {"isPreferredName": true, "name": "Ant\u00e1rtida", "lang": "gl"}, {"name": "Ant\u00e0rtida", "lang": "ca"}, {"name": "Antartide", "lang": "it"}, {"isPreferredName": true, "name": "Antartika", "lang": "eu"}, {"name": "Antartika", "lang": "id"}, {"isPreferredName": true, "name": "Antartika", "lang": "mt"}, {"name": "Ch\u00e2u Nam C\u1ef1c", "lang": "vi"}, {"name": "Etel\u00e4manner", "lang": "fi"}, {"name": "http://id.loc.gov/authorities/subjects/sh85005490", "lang": "link"}, {"name": "https://en.wikipedia.org/wiki/Antarctica", "lang": "link"}, {"isPreferredName": true, "name": "Nam C\u1ef1c", "lang": "vi"}, {"isPreferredName": true, "name": "Su\u00f0urheimskautslandi\u00f0", "lang": "is"}, {"name": "Su\u00f0urskautslandi\u00f0", "lang": "is"}, {"isPreferredName": true, "name": "\u0627\u0644\u0642\u0637\u0628 \u0627\u0644\u062c\u0646\u0648\u0628\u064a", "lang": "ar"}, {"name": "\u0623\u0646\u062a\u0627\u0631\u0643\u062a\u064a\u0643\u0627", "lang": "ar"}, {"isPreferredName": true, "name": "\u0627\u0646\u062a\u0627\u0631\u06a9\u062a\u06cc\u06a9\u0627", "lang": "ps"}, {"isPreferredName": true, "name": "\u0627\u0646\u0679\u0627\u0631 \u0679\u06a9\u0627", "lang": "ur"}, {"isPreferredName": true, "name": "\u0642\u0637\u0628 \u062c\u0646\u0648\u0628", "lang": "fa"}, {"name": "\u05d0\u05e0\u05d8\u05d0\u05e8\u05e7\u05d8\u05d9\u05e7\u05d4", "lang": "he"}, {"isPreferredName": true, "name": "\u05d0\u05e0\u05d8\u05e8\u05e7\u05d8\u05d9\u05e7\u05d4", "lang": "he"}, {"name": "\u0391\u03bd\u03c4\u03b1\u03c1\u03ba\u03c4\u03b9\u03ba\u03ae", "lang": "el"}, {"name": "\u0410\u043d\u0442\u0430\u0440\u043a\u0442\u0438\u0434\u0430", "lang": "bg"}, {"name": "\u0410\u043d\u0442\u0430\u0440\u043a\u0442\u0438\u0434\u0430", "lang": "ru"}, {"isPreferredName": true, "name": "\u0410\u043d\u0442\u0430\u0440\u043a\u0442\u0438\u0434\u0430", "lang": "uk"}, {"isPreferredName": true, "name": "\u0410\u043d\u0442\u0430\u0440\u043a\u0442\u0438\u043a", "lang": "mk"}, {"isPreferredName": true, "name": "\u0410\u043d\u0442\u0430\u0440\u043a\u0442\u0438\u043a", "lang": "sr"}, {"isPreferredName": true, "name": "\u0410\u043d\u0442\u0430\u0440\u043a\u0442\u0438\u043a\u0430", "lang": "bg"}, {"isPreferredName": true, "name": "\u0410\u043d\u0442\u0430\u0440\u043a\u0442\u0438\u043a\u0430", "lang": "ru"}, {"isPreferredName": true, "name": "\u0410\u043d\u0442\u0430\u0440\u043a\u0442\u044b\u043a\u0430", "lang": "be"}, {"isPreferredName": true, "name": "\u0f63\u0fb7\u0f7c\u0f0b\u0f62\u0fa9\u0f7a\u0f60\u0f72\u0f0b\u0f58\u0f50\u0f60\u0f0b\u0f42\u0fb3\u0f72\u0f44\u0f0b\u0f0d", "lang": "bo"}, {"isPreferredName": true, "name": "\u0f68\u0f7a\u0f53\u0f0b\u0f4a\u0f71\u0f42\u0f0b\u0f4a\u0f72\u0f0b\u0f40", "lang": "dz"}, {"isPreferredName": true, "name": "\u10d0\u10dc\u10e2\u10d0\u10e0\u10e5\u10e2\u10d8\u10d9\u10d0", "lang": "ka"}, {"name": "\u0905\u0902\u091f\u093e\u0930\u094d\u0915\u091f\u093f\u0915\u093e", "lang": "hi"}, {"isPreferredName": true, "name": "\u0d05\u0d28\u0d4d\u200d\u0d31\u0d3e\u0d30\u0d4d\u200d\u0d1f\u0d4d\u0d1f\u0d3f\u0d15\u0d4d\u0d15", "lang": "ml"}, {"isPreferredName": true, "name": "\u0986\u09a8\u09cd\u099f\u09be\u09b0\u09cd\u0995\u099f\u09bf\u0995\u09be", "lang": "bn"}, {"name": "\u5357\u6781\u6d32", "lang": "zh"}, {"name": "\u5357\u6975", "lang": "ja"}, {"isPreferredName": true, "name": "\u5357\u6975\u5927\u9678", "lang": "ja"}], "adminName2": "", "name": "Antarctica", "fclName": "parks,area, ...", "fcodeName": "continent", "adminName1": "", "lat": "-78.15856", "fcode": "CONT", "continentCode": "AN"}}